{
    "transform": [
        [
            0.9999955892562866,
            -0.002651092829182744,
            -0.0013555098557844758,
            -0.14641423523426056
        ],
        [
            -0.0013555098557844758,
            -0.8106691241264343,
            0.5855029821395874,
            -0.05357047915458679
        ],
        [
            -0.002651092829182744,
            -0.585498571395874,
            -0.8106691241264343,
            0.04776794835925102
        ]
    ],
    "scale": 0.2363328488316402
}